Job Title,Company,Posting Date,Application Deadline,Location,Remote / Hybrid / Onsite,Experience,Employment Type,Salary,Application Link,Company Career Link,Source,Legitimacy,Verification Status,Description,Date Discovered
"Software Engineer,  Routing",NVIDIA,2026-07-26,Not specified,India,Unknown,Entry Level,Full-time,Not specified,https://nvidia.wd5.myworkdayjobs.com/NVIDIAExternalCareerSite/job/India-Bengaluru/Software-Engineer---Routing_JR2021257,https://nvidia.wd5.myworkdayjobs.com/NVIDIAExternalCareerSite,Workday,Major Job Board,Verified,"Workday listing for Software Engineer,  Routing at NVIDIA",2026-07-26
"Software Engineer, Production Engineering",NVIDIA,2026-07-26,Not specified,India,Unknown,Entry Level,Full-time,Not specified,https://nvidia.wd5.myworkdayjobs.com/NVIDIAExternalCareerSite/job/India-Bengaluru/Software-Engineer--Production-Engineering_JR2020074-1,https://nvidia.wd5.myworkdayjobs.com/NVIDIAExternalCareerSite,Workday,Major Job Board,Verified,"Workday listing for Software Engineer, Production Engineering at NVIDIA",2026-07-26
System Software Engineer - GPU Profiling,NVIDIA,2026-07-26,Not specified,India,Unknown,Entry Level,Full-time,Not specified,https://nvidia.wd5.myworkdayjobs.com/NVIDIAExternalCareerSite/job/India-Pune/System-Software-Engineer---GPU-Profiling_JR2020625,https://nvidia.wd5.myworkdayjobs.com/NVIDIAExternalCareerSite,Workday,Major Job Board,Verified,Workday listing for System Software Engineer - GPU Profiling at NVIDIA,2026-07-26
System Software Engineer - OpenBMC,NVIDIA,2026-07-26,Not specified,India,Unknown,Entry Level,Full-time,Not specified,https://nvidia.wd5.myworkdayjobs.com/NVIDIAExternalCareerSite/job/India-Bengaluru/System-Software-Engineer---OpenBMC_JR1999967-1,https://nvidia.wd5.myworkdayjobs.com/NVIDIAExternalCareerSite,Workday,Major Job Board,Verified,Workday listing for System Software Engineer - OpenBMC at NVIDIA,2026-07-26
AI Developer Technology Engineer,NVIDIA,2026-07-26,Not specified,India,Unknown,Entry Level,Full-time,Not specified,https://nvidia.wd5.myworkdayjobs.com/NVIDIAExternalCareerSite/job/India-Bengaluru/AI-Developer-Technology-Engineer_JR2008156,https://nvidia.wd5.myworkdayjobs.com/NVIDIAExternalCareerSite,Workday,Major Job Board,Verified,Workday listing for AI Developer Technology Engineer at NVIDIA,2026-07-26
Applied AI Engineer - DFT Methodology,NVIDIA,2026-07-26,Not specified,India,Unknown,Entry Level,Full-time,Not specified,https://nvidia.wd5.myworkdayjobs.com/NVIDIAExternalCareerSite/job/India-Bengaluru/Applied-AI-Engineer---DFT-Methodology_JR2017068,https://nvidia.wd5.myworkdayjobs.com/NVIDIAExternalCareerSite,Workday,Major Job Board,Verified,Workday listing for Applied AI Engineer - DFT Methodology at NVIDIA,2026-07-26
Software Engineer 3,Adobe,2026-07-26,Not specified,India,Unknown,Entry Level,Full-time,Not specified,https://adobe.wd5.myworkdayjobs.com/external_experienced/job/Bangalore/Software-Engineer-3_R165330-1,https://adobe.wd5.myworkdayjobs.com/external_experienced,Workday,Major Job Board,Verified,Workday listing for Software Engineer 3 at Adobe,2026-07-26
Machine Learning Engineer 4,Adobe,2026-07-26,Not specified,India,Unknown,Entry Level,Full-time,Not specified,https://adobe.wd5.myworkdayjobs.com/external_experienced/job/Noida/Machine-Learning-Engineer-4_R165250,https://adobe.wd5.myworkdayjobs.com/external_experienced,Workday,Major Job Board,Verified,Workday listing for Machine Learning Engineer 4 at Adobe,2026-07-26
Summer 2027 Intern - Software Engineer,Salesforce,2026-07-26,Not specified,India,Unknown,Entry Level,Full-time,Not specified,https://salesforce.wd12.myworkdayjobs.com/External_Career_Site/job/India---Bangalore/Summer-2027-Intern---Software-Engineer_JR337715,https://salesforce.wd12.myworkdayjobs.com/External_Career_Site,Workday,Major Job Board,Verified,Workday listing for Summer 2027 Intern - Software Engineer at Salesforce,2026-07-26
Software Engineering PMTS,Salesforce,2026-07-26,Not specified,India,Unknown,Entry Level,Full-time,Not specified,https://salesforce.wd12.myworkdayjobs.com/External_Career_Site/job/India---Bangalore/Software-Engineering-PMTS_JR351648,https://salesforce.wd12.myworkdayjobs.com/External_Career_Site,Workday,Major Job Board,Verified,Workday listing for Software Engineering PMTS at Salesforce,2026-07-26
Applied AI Engineer,YC Startup,2026-07-26,Not specified,India / Remote,Remote,Entry Level,Full-time,Not specified,https://www.workatastartup.com/jobs/99248,https://www.ycombinator.com/companies,Y Combinator Jobs,Suspicious,Failed,Y Combinator startup job: Applied AI Engineer,2026-07-26
Software Engineering Intern,YC Startup,2026-07-26,Not specified,India / Remote,Remote,Entry Level,Full-time,Not specified,https://www.workatastartup.com/jobs/94623,https://www.ycombinator.com/companies,Y Combinator Jobs,Suspicious,Failed,Y Combinator startup job: Software Engineering Intern,2026-07-26
Software Engineer Jobs,YC Startup,2026-07-26,Not specified,India / Remote,Remote,Entry Level,Full-time,Not specified,https://www.workatastartup.com/jobs/l/software-engineer,https://www.ycombinator.com/companies,Y Combinator Jobs,Suspicious,Failed,Y Combinator startup job: Software Engineer Jobs,2026-07-26
Software Engineer Jobs in San Francisco,YC Startup,2026-07-26,Not specified,India / Remote,Remote,Entry Level,Full-time,Not specified,https://www.workatastartup.com/jobs/san-francisco/software-engineer,https://www.ycombinator.com/companies,Y Combinator Jobs,Suspicious,Failed,Y Combinator startup job: Software Engineer Jobs in San Francisco,2026-07-26
Software Engineer Jobs in New York,YC Startup,2026-07-26,Not specified,India / Remote,Remote,Entry Level,Full-time,Not specified,https://www.workatastartup.com/jobs/new-york/software-engineer,https://www.ycombinator.com/companies,Y Combinator Jobs,Suspicious,Failed,Y Combinator startup job: Software Engineer Jobs in New York,2026-07-26
Software Engineer Jobs in Los Angeles,YC Startup,2026-07-26,Not specified,India / Remote,Remote,Entry Level,Full-time,Not specified,https://www.workatastartup.com/jobs/los-angeles/software-engineer,https://www.ycombinator.com/companies,Y Combinator Jobs,Suspicious,Failed,Y Combinator startup job: Software Engineer Jobs in Los Angeles,2026-07-26
Remote Software Engineer Jobs,YC Startup,2026-07-26,Not specified,India / Remote,Remote,Entry Level,Full-time,Not specified,https://www.workatastartup.com/jobs/r/software-engineer,https://www.ycombinator.com/companies,Y Combinator Jobs,Suspicious,Failed,Y Combinator startup job: Remote Software Engineer Jobs,2026-07-26
